company,website
Inventorsoft,inventorsoft.co
StartupSoft,startupsoft.com
Binerals,binerals.com
Codify Idea,codifyidea.com
INTERTRADE CONSULTING,intertrade-consulting.com
IT-LEAD.EU | Software Outsourcing Company,it-lead.eu
Engineer Box,engineerbox.uk
Innovations for Business,ifb.ltd
Checkmate Global Technologies,checkmateq.com
Heads Here,headshere.com
Cosumus,cosumus.com
Trust Recruitment Services,trustrecruitmentservices.com
Rubycode,rubycode.co
PradeepIT Consulting Services Private Limited,pradeepit.com
Smartchoice International,smartchoice-international.com
F10 Software Solutions,f10solutions.co.uk
Photon Brains,photonbrains.com
DEVSOLDIERS,devsoldiers.com
Ultimate Games Mobile,ulgmobile.com
Pomerico Group,pomerico.com
ITtude,ittude.one
Gabsoft,gabsoft.io
SAQAYA,saqaya.com
Arrowhead Development DOO,arrowhead.rs
Talentshub,talentshub.eu
Yotewo,yotewo.com
Expert Allies,expertallies.com
Softaims,softaims.com
Cyber64 - Adobe Experience Cloud,cyber64.com
Game-Ace,game-ace.com
PitechPlus,pitechplus.com
Symphony Solutions,symphony-solutions.com
Xessable,xessable.com
Intagleo Systems,intagleo.com
INC SOFT,inc-soft.com
Ambo Software,ambo.ro
SuitedSoft,suitedsoft.com
Qualbees,qualbees.com
AeroDlv,aerodlv.com
Appniv,appniv.com
6bridges,6bridges.io
Urolime Technologies,urolime.com
Qoob.dev,qoob.dev
Clever Solutions,cleversolutions.rs
MaxyLogic,maxylogic.com
WTMCodex UG,wtmcodex.com
Nomadcy,nomadcy.com
Servalit,servalit.com
Koukio Solutions,koukio.com
NOMA SOLUTIONS,nomasolutions.pl
innovAgile,innovagile.com
Welf Lab,welflab.com
DCG,dcg.team
Aimtraction,aimtraction.software
Let's Go DevOps,letsgodevops.pl
ABC Tech Group,abc-techgroup.com
MLE SYSTEMS,mlesystems.com
Innovensa Ltd,innovensa.co.uk
BlueGhost,blueghost.cz
Fleye,fleye.me
Glove,glove.studio
SmartLinks,smartlinks.pt
SMART NET,smartnet.ua
Orange Sputnik,orangesputnik.eu
Ginkgo Ukraine,ginkgoukraine.com
Jazzros,jazzros.com
DKC Software,dkc.software
Altimi,altimi.com
CodeSeek,code-seek.com
Byteminds,byteminds.co.uk
TheGravity,thegravity.eu
Black Rack,blackrack.pl
Ortom8 Limited,ortom8.com
Avantgarde Labs,avantgarde-labs.com
Attrecto Next Tech Digital Solutions,attrecto.com
Max Planck,maxplanck.dev
Deployflow,deployflow.co
Dealinweb SRL,dealinweb.com
Execon One,execon.pl
Testinium,testinium.com
Imcrinox,imcrinox.com
Sidnet,sidnet.info
RemoteStar Ltd.,remotestar.io
Krasty Soft,krasty.me
minds&more,mindsandmore.biz
TrendLine,trendlineglobal.net
LEKSQ,leksq.com
SilesiaWorks,silesiaworks.com
KontorVA,kontorva.com
7ninjas,7ninjas.com
Wunderdog,wunderdog.io
Suto Games,sutogames.com
skillreveal Gmbh,skillreveal.io
Plenti,plenti.pl
Teceze Ltd,teceze.com
Uptalen,uptalen.com
Altasoft Software Solutions,altasoft-solutions.com
BlackBelt Holding Zrt.,blackbelt.hu
CrewNew.com,crewnew.com
Yotalabs,yotalabs.com
Intertec.io,intertec.io
Aspire Software Consultancy,aspiresoftwareconsultancy.com
Communere Ltd,communere.com
Aelum Consulting - ServiceNow Premier Partner,aelumconsulting.com
Motion Software,motion-software.com
SCube,scube.co
Owleks,owleks.com
IT Engine,itengine.rs
Boosta,boosta.pro
WunderBytes,wunderbytes.eu
Riff Point LLC,riffpoint.com
Nortik Software Solutions,nortiksoftware.com
Romark,romarkcode.com
peoly,peoly.com
Ameware Group,amewaregroup.com
Saratoga,saratoga.co.za
NewRedo Ltd.,newredo.com
Aberit Interactive Agency & Software House,aberit.eu
Epinote,epinote.io
Dvash,dvash.pl
Sphinx Worldbiz,sphinxworldbiz.net
Lighthouse growth sp. z o.o.,lighthouse-growth.com
WORKITNOW,workitnow.pl
JDV Technologies,jdvtechs.com
Amsterdam Standard,amsterdamstandard.com
SharpMinds B.V.,sharpminds.com
Crunch,crunch.is
Digitals OYT Ltd.,digitalsforhealth.co.uk
Artecha,artecha.com
Intway,intway.com
codeclutch,codeclutch.dev
Cognitum Services SA,cognitum.eu
Musketeers Tech Inc.,musketeerstech.com
The House Of Code,thehouseofcode.com
CoreScripts Technologies LTD,corescriptstechnologies.co.uk
"Inkodus, UAB",inkodus.com
Cloud9devs,cloud9devs.com
Webellian,webellian.com
TSMG Holding,tsmg.io
Redtag,redtag.pro
Amaris,amaris.com
Spyrosoft,spyro-soft.com
Cloud Primero,cloudprimero.com
Siteclick,siteclick.ro
Furious Fox Limited,furiousfox.co.uk
Findigo,findigo.io
REWSOFT,rewsoft.pl
Tech Ask OU,tech-ask.com
Code Badgers,codebadgers.io
ITSG Global,itsg-global.com
Finestmedia,finestmedia.ee
veezble,veezble.com
Krystosoft,krystosoft.com
Smart Working,smartworking-solutions.com
ITBoom sp. z. o.o.,itboom.pl
APOM Solutions,apom.solutions
FOMO Solutions Sp. z o.o.,fomosolutions.pl
WebMagnat,webmagnat.us
Growin,growin.com
Logik Labs,logiklabs.io
Geek-Solutions,geeksolutions.co
Qaltivate,qaltivate.com
ONE Technology Services,onetechnologyservices.com
Code Provider,code-provider.com
ConnectPoint,connectpoint.eu
Creative Cooperative,ccoop.ws
QueensLab,queenslab.co
YozmaTech,yozmatech.com
Opentech,opentech.dev
Skytech IT,skytech-it.com
dyrector.io,devops.dyrector.io
IT Resistance,itresistance.com
Softelnet,softelnet.com
Prostrive BV,prostrive.io
Trilight Security,trilightsecurity.com
ITSTEADY,itsteady.com
Wisedigital.tech,wisedigital.tech
920 Solutions,920.solutions
Foreto,foreto.com
MakeLite,makelite.solutions
Digital Hiring,digitalhiring.agency
punktum,punktum.net
Apter,apter.tech
Tumba Solutions,tumba.solutions
Aisconverse,aisconverse.com
Kodevent,kodevent.com
Zenitech,zenitech.co.uk
FutureCode IT Consulting,future-code.dev
MeritStory,meritstory.com
SuntechIT Global,suntechit.global
Zero Down Time Ltd,zerodt.io
Whirr Crew s.r.o.,whirrcrew.com
Businessskills,businessskills.net
Onwelo,onwelo.com
CroatiaTech.com,croatiatech.com
Quontex,quontex.co
Make IT,mkit.io
Mente,mente.io
WebX Software,webxsoftware.com
Out.Cloud,out.cloud
ITSELECTA IT Recruitment,itselecta.com
Digihey,digihey.com
Matchit.me,matchit.me
Prographers,prographers.com
HumanIT,humanit.pro
Cloudica,cloudicagroup.com
PEOPLE MORE P.S.A.,peoplemore.eu
Osmium,outstaff-osmium.com
Konnect Way,konnectway.com
Directio,directio.com
Eveliko,eveliko.com
Devbox Technologies,devboxtech.co.uk
Pratham Software,thepsi.com
iTeamly,iteamly.com
BOST,bost.ee
Softelligence,softelligence.net
LINKERSOFT GROUP,linkersoft.ge
Developers Shore,developersshore.com
WeOne,weone.ai
VindiTek,vinditek.com
Bunch Consulting,bunch.consulting
Wave Europe,onthewave.co
Captivate Solutions Tech Ltd,captivatesolutions.co.uk
Mindpath Technology Limited,mindpathtech.com
Webcapital,webcapital.hu
Resorcer,resorcer.com
SYSTEM Integration,sysint.net
10A Software House,10a.io
EVLabs,evlabs.ltd
Shaped Thoughts,shapedthoughts.io
UBSLogic,ubslogic.com
Vallex,vallex.io
AlmaCore,almacore.io
Satva Softech,satvasoftech.com
Transition Technologies PSC,ttpsc.com
Rocktech Technologies,rocktech.digital
oakfusion,oakfusion.com
Netfork,netfork.io
Viercode,viercode.com
Aplitt sp. z o.o.,aplitt.pl
Cyber Bee,cyberbee.dev
TechPods JSC,techpods.co
Monosoft,monosoft.dev
Genuitek,genuitek.com
Teamcubate,teamcubate.com
ZAAG SYSTEMS,zaagsys.com
euDevelopers,business.eudevelopers.com
BilSoft,bilsoft.dev
Razom Software,razomsoftware.com
Taurus Quadra LTD,tau-quadra.com
Codepole,codepole.com
Sagiton,sagiton.pl
MPC,massivepixel.io
HKS Manpower Group,hksmanpower.com
Software Interactive,softint.eu
Hire Ukrainian Developers,hireukrainiandevelopers.com
Algomine,algomine.ai
Mission Hire (ex-Tri Foundation),missionhire.tech
Tupelo Limited,tupelo.tech
Dezital Technologies,dezital.com
BringOnBoard,bringonboard.io
Agile Fuel,agilefuel.com
UMIND,umind.tech
ZenwayCode,zenwaycode.com
Optiveum,optiveum.com
MoreThan,morethan.ua
Make It In UA,makeitinua.com
Goldenore,goldenore.com
Gremcy,gremcy.com
Exaco,exaco.pl
Volcanic Internet,volcanicinternet.com
BeeReal,beerealit.com
Onectus technologies,onectus.com
Raccoon Depot,raccoondepot.com
Baltic Amadeus,ba.lt
Altigee,altigee.com
Hire&Flare,hireflare.com
Qualysoft,qualysoft.com
SoftGeneral,softgeneral.com
Gravelsoft,gravelsoft.com
Reflection Infosys,rflinfosys.com
Inforce,inforce.digital
Triangu,triangu.com
SoftPositive,softpositive.com
UDEV HUB,udevhub.com
VP Team,vpteam.com
Talenger,talenger.co
Talentica Agency,talentica.agency
Brainence,brainence.com
Hexis Technology Hub,hexis-hub.com
4code sp. z o.o.,4code.io
ClearSky Logic,clearskylogic.com
Unai Ltd,unai.com
Brainy Agency,brainyagency.com
Mainsoft,mainsoft.org
Varwise,varwise.com
MintyMint,mintymint.net
codequest,codequest.com
Frontetica,frontetica.com
GTM Plus,gtm-plus.com
Hivex,hivex.tech
JSD Solutions,jsd-solutions.com
Yellow Recruiting Company,yellowrecruiting.com
DevBranch,dev-branch.com
ACE,ace-agency.co
UPPeople,uppeople.co
NetLS Software Development,netls.com.ua
FlawlessMLM and Flawless Group,flawlessmlm.com
SvitSoftware,svit.software
Plan A,techplana.com
Marble IT,marbleit.rs
Human Power,humanpowerbg.com
Crestaff Hiring Factory,crestaff.agency
Standard 1,standard-one.com
Web Labs Ltd.,web-labs.rs
DevelopX,developx.com
L-One Systems GmbH,l-one.de
Team Harbour,teamharbour.com
TrueNode,truenode.co
Customertimes Corp,customertimes.com
Init Group,init.hr
Sensidev,sensidev.net
Vimera,vimera.io
SFox,sfoxmodel.com
uSoftware,usoftware.co
QArtrock,qartrock.com
SD Solutions,sdsolutions.tech
VALUEDRIVEN,valuedriven.io
Ukrany,ukrany.com
SoftGroup,soft-group.com
ivy tech,ivy-tech.co
DSS - Digital and Software Solutions,dss.bg
Techband,techband.io
RISE,risewithus.co
Maestro,maestroand.co
LNOKS,lnoks.com
Flat Rock Technology,flatrocktech.com
ADDENDUM,addendumgroup.com
Gotoinc,gotoinc.co
P&P Solutions,pnpsolutions.pl
Avocado Technology,avocadotechnology.com
Codelevate,codelevate.com
11Sigma,11sigma.com
Primotly,primotly.com
Blue House Technologies,bluehouse.tech
CodeLions,codelions.co
LeanyLabs,leanylabs.com
Aristek Systems,aristeksystems.com
Codnity,codnity.com
Hire Ukraine,hireukraine.me
COXIT,coxit.co
Euristiq,euristiq.com
Inspeerity,inspeerity.com
ANSI Solutions,aansi.com
IT Force,itforce.ie
Binovate Labs,binovate.com
TechVision Global,techvision.global
primehammer,primehammer.com
Mindbox,mindboxgroup.com
KOIA,koiasoft.no
Qualimatrix Technologies Pvt Ltd,qualimatrix.tech
Quantox Technology,quantox.com
Modsen,modsen-software.com
DruIT,druit.hu
Droptica,droptica.com
Railay,railay.co
Oves Enterprise,ovesenterprise.com
Web Recruiters,web-recruiters.com
Luminos Software,luminos.software
BlitzBrain,blitz-brain.com
WISE STEP RECRUITING S.R.L.,wise-step.ro
AlvariumSoft,alvariumsoft.com
IP Partner,ippartner.eu
speedapp | the people you need,speedapp.pl
ITernal Group,iternal.group
Sunvery,sunvery.com.ua
MoveUp recruitment agency,moveup.com.ua
UA Tech People (ex. Craftum),uatechpeople.com
Devensis,devensis.com
rinf.tech,rinf.tech
Bertoni Solutions,bertonisolutions.com
200OK Solutions,200oksolutions.com
Efisco,efisco.net
Pluralit Inclusive Technology,pluralit.io
OBC,obc.agency
sceel.io GmbH,sceel.io
Evolvice GmbH,evolvice.de
Agilos IT,agilos-it.com
TechTalent Software,techtalent.ro
McKnight Media,mcknightmedia.co
Sunbytes,sunbytes.io
ZenDev AB,zendev.se
Circle Square,circlesquare.tech
Ray Solutions Ltd,ray-solutions.co.uk
Hand2band,hand2band.media
TeleSoftas,telesoftas.com
Volumetree,volumetree.com
Kaynes,kaynes.com
VP Software,vp.software
apreel,apreel.com
Stormotion,stormotion.io
Webchain,webchain.ro
GO Interactive,gointeractive.co
eConsulting,econsulting.co
Root Codex,rootcodex.com
Ingemark,ingemark.com
Codahead,codahead.com
Unit Space,unit-space.com
DevAbundance,devabundance.com
Elasticsoft,elasticsoft.io
White Label,ffflabel.com
αstarios,astarios.com
DevGrid,devgrid.co.uk
FREYSOFT,freysoft.com
Boopro Technology,boopro.tech
spinbits.io,spinbits.io
Distributed,distributed.co
BuildApps,buildapps.pro
QA Madness,qamadness.com
iT-Outstaffing.com,it-outstaffing.com
All Front,allfront.io
Data Science UA,data-science-ua.com
1000software,1000.software
Bulcode,bulcode.com
LogiNet Systems,loginet.io
Sonder Digital,sonderdigital.group
Polytech Software,polytech.software
Intelactsoft,intelactsoft.com
HOTOVO,hotovo.com
Oak-Tree Technologies,oak-tree.tech
KING'S CHOICE,kingschoice.eu
Bit Adventure,bit-adventure.com
mDevelopers,mdevelopers.com
Prognetics,prognetics.com
Codibly,codibly.com
Grape Up,grapeup.com
Codepixel,codepixel.me
Recodeit,recodeit.net
RiseServ,riseserv.com
Innovation Software,innovationsoftware.pl
ASPER BROTHERS,asperbrothers.com
Acom Digital,acomdigital.com
Milies,milies.net
Wise Vision,wisevision.com.ua
Foundevs,foundevs.com
Next Technology Professionals,nexttechnology.io
ISD,isd-soft.com
Quema,quema.co
Codeq,codeq.pl
Cult of Coders,cultofcoders.com
j-labs software specialists,j-labs.com
VRP Consulting,vrpconsulting.com
.doCode,docode.dev
Eloquentix,eloquentix.com
Jimmy Technologies,fromjimmy.com
Wild.Codes,wild.codes
Danubius IT Solutions,danubius.io
RNDpoint,rndpoint.com
Inwedo,inwedo.com
STARNAVI,starnavi.io
Fontana,fontana.agency
RITS Professional Services sp. z o.o.,rits.center
Tech Breeze,tech-breeze.com
Your ITeams,youriteams.com
ELITEX,elitex.systems
IT Hoot,ithoot.com
Kernelics,kernelics.com
Cubicfox,cubicfox.com
DevTalents,devtalents.com
Codify,codify.io
Rollout IT,rolloutit.net
Active Bridge,activebridge.org
My Team Abroad,myteamabroad.com
Aionys,aionys.com
Heaven Solutions,heavensolutions.com
Rebbix,rebbix.com
TSD Group,tsd.com
MOTIFE,motife.com
ITCraftship,itcraftship.com
LiftUp,liftupsolutions.com
DevBrother,devbrother.com
Serengeti,serengetitech.com
talent-r,talent-r.com
Codex Software,codex-soft.com
PieSoft,piesoft.us
Qubit Labs,qubit-labs.com
SKM Group,skmgroup.pl
EXB Soft,exbsoft.com
BJSS,bjss.com
SoftLike,softlike.ua
Magnise,magnise.com
Deviark,deviark.com
Omnes Group,omnesgroup.com
DO OK,dook.pro
Kalinax,kalinax.com
Moravio,moravio.com
Sorcible,sorcible.com
ABIT Technologies,abittechnologies.com
SolveMind,solvemind.io
Codebooq,codebooq.com
Talando,talando.com
Mappitall,mappitall.com
Skillers,skillers.tech
Liki,likims.com
ArchySoft,archysoft.com
Civitta,civitta.com
Clover Dynamics,cloverdynamics.com
The APP Solutions,theappsolutions.com
Team Connect Ltd.,teamconnect.pl
Global Cloud Team,globalcloudteam.com
Idego Group,idego-group.com
MoldoWEB,moldoweb.com
ITFS,itfs.com
Talent First,talent-first.net
LinkSoft Technologies,linksoft.eu
Antagosoft,antagosoft.com
Corner Case Technologies,cornercasetech.com
Fabrit Global,fabritglobal.com
JatApp,jatapp.co
Leaware,leaware.com
G-Group.dev,g-group.dev
Barwenock,barwenock.com
Piligrim,piligrim.pro
Adaptiq,adaptiq.co
300Brains,300brains.com
Mejix,mejix.com
Evolve IT Consulting,evolve-consultants.co.uk
TEAM International,teaminternational.com
INTERSOG,intersog.com
DigitalMara,digitalmara.com
SIA Midis RSEZ,midis.eu
Dirox,dirox.com
EvoTalents | Tech Recruiting,evotalents.com
Innovation Feel,innovationfeel.com
ByteCorp Technologies,bytecorp.io
Crypton Studio,crypton.studio
Voidweb,voidweb.eu
Codefia,codefia.pl
hero/dot,herodot.com
Acquaint Softtech Private Limited,acquaintsoft.com
Antma IT,antmait.com
LemApp,lemapp.tech
byVoice,byvoice.io
UVIK Software,uvik.net
Stanga1,stanga.net
Exelor,exelor.net
Influential Software,influentialsoftware.com
SoftLoft,soft-loft.com
SOFTIQ,softiq.io
QArea,qarea.com
Smartitory,smartitory.com
Covent IT,coventit.com
Virtido,virtido.com
The Evenstar,theevenstar.net
Lets Nurture,letsnurture.com
SHORE teams,shoreteams.com
WaveAccess,wave-access.com
Intellectsoft,intellectsoft.net
mcpk.,mcpk.de
Smartym Pro,smartym.pro
SSA Group,ssa.group
Blackbit digital Commerce GmbH,blackbit.de
Intelvision,intelvision.pro
AdvantISS,advantiss.com
Ascendro Technologies,ascendro.de
Smplfy,smplfy.eu
StaffingPartner,staffingpartner.net
Vimanet,vimanet.com
DAC.digital,dac.digital
Red Rocket Software,redrocket.software
Vangwe,vangwe.com
Agiledrop - developers for agencies and in-house teams,agiledrop.com
Tessafold LLC,tessafold.com
SoloWay Technologies,soloway.tech
INTechHouse,intechhouse.com
Varyence,varyence.com
IncreDevo sp. z o.o.,incredevo.com
Reintech,reintech.io
Billennium,billennium.com
Impressit,impressit.io
"Chetu, Inc.",chetu.com
Deventor,deventor.io
ElmoSoft,elmosoft.net
Relout,relout.team
InStandart,instandart.com
INNOVANT,innovant.us
RewiSoft,rewisoft.com
Division5,division5.co
QIT Software,qit.software
CRODU,crodu.com
DataArt,dataart.com
Bladeware,bladeware.io
Red Jumpers,redjumpers.agency
Aimprosoft,aimprosoft.com
UKAD,ukad-group.com
Powercode,pwr-code.com
koitechs,koitechs.com
Code & Pepper,codeandpepper.com
Forbytes,forbytes.com
nCube,ncube.com
Soflab Technology,soflab.pl
VM.PL Software House,vm.pl
Bits Orchestra,bitsorchestra.com
Proffiz,proffiz.com
Kozak Agency,kozak-ag.com
Devox Software,devoxsoftware.com
Mindecs,mindecs.co
CodeMerx,codemerx.com
BlueSoft Sp. z o.o.,bluesoft.com
Edge One Solutions,edge1s.com
Ideamotive,ideamotive.co
GitMax,gitmax.com
VReal Soft,vrealsoft.com
NEKLO LLC,neklo.com
YouDigital.com,youdigital.com
WeAssemble,weassemble.team
APPVALES,appvales.com
PerceptionBox,perceptionbox.io
Intobi,intobi.com
Codete,codete.com
ESCA,e-s-c-a.com
Tateeda,tateeda.com
Scalac,scalac.io
Deazy,deazy.com
Scalamandra,scalamandra.com
One Beyond,one-beyond.com
NOTUM Technologies,notum.cz
Newxel,newxel.com
TekRevol,tekrevol.com
Code Poets,codepoets.it
Secret Source Technology SL,secret-source.eu
Mobilunity,mobilunity.com
99x,99x.io
Incode Group,incode-group.com
ITIDO,itido.eu
FatCat Coders,fatcatcoders.com
Brightgrove,brightgrove.com
ELEKS,eleks.com
InterVenture,interventure.info
Talmatic,talmatic.com
Multiplica,multiplicatalent.com
ITDS,itds.pl
Synapse Team,synapseteam.com
Drupfan,drupfan.com
MaybeWorks,maybe.works
Intetics Inc.,intetics.com
Bluebird International,bluebirdinternational.com
JayDevs,jaydevs.com
Geomotiv,geomotiv.com
Softermii,softermii.com
Softkit,softkit.dev
Index.dev,index.dev
Pentalog,pentalog.com
SDA,sda.company
Ragnarök Group,ragnarok.group
ALLSTARSIT,allstarsit.com
Devico,devico.io
Devire,devire.pl
Inventorsoft,inventorsoft.co
StartupSoft,startupsoft.com
Binerals,binerals.com
Zero to One Search,zerotoonesearch.com
Yalantis,yalantis.com
Winalife,winalife.com
Notch,wearenotch.com
Valletta Software Development,vallettasoftware.com
"Unosquare, LLC",unosquare.com
Tremend Software Consulting,tremend.com
Temy,temy.co
Specno,specno.com
Softacom,softacom.com
Share IT,shareit.dev
Scalo,scalosoft.com
Scalefocus,scalefocus.com
ROKi,rokiecommerce.com
Qarbon IT,qarbon.it
OVERCODE,overcode.tech
OnHires,onhires.com
ObjectStyle,softacom.com
OAKS LAB,oakslab.com
Inetum Poland,nearshore-it.eu
NaNLABS,nan-labs.com
Maxima Consulting,maximaconsulting.com
Lowgular,lowgular.io
Launch Lab,launchlabconsulting.co.uk
Kloc Technologies,kloctechnologies.com
JMR,jmr.pl
ITMAGINATION,itmagination.com
IT Labs,it-labs.com
iRonin.IT,ironin.it
Devlight,devlight.io
Developers Dev,developers.dev
Cody,codyua.com
Codepoint,codepoint.pt
Cleveroad,cleveroad.com
Cegeka Romania,cegeka.com
Avenga,avenga.com
AscentCore,ascentcore.com
Apriorit,apriorit.com
Altamira.ai,altamira.com
Winged IT,wingedit.pl
Waverley Software,waverleysoftware.com
Vratislavia Software Sp. z o.o.,vratislavia.software
Thruster,thruster.eu
Mind Studios,themindstudios.com
The Codest,thecodest.co
QUALITANCE,tech.qualitance.com
Applover,tech.applover.com
Tangivel,tangivel.com
Supportica Solutions,supporticasolutions.com
Spiral Scout,spiralscout.com
Sombra,sombrainc.com
"Solvd, Inc.",solvd.com
Softellar,softellar.com
Snotor,snotor.pro
SlickCloud,slickcloud.io
Skillo,skillo.bg
SevenPro,seven-pro.com
SENLA,senlainc.com
Selleo,selleo.com
Rubyroid Labs,rubyroidlabs.com
ROCKETECH,rocketech.it
Rite NRG,ritenrg.com
RemoDevs,remodevs.com
Radency,radency.com
RabIT Solutions,rabitse.com
Qodeca,qodeca.com
pwrteams,pwrteams.com
Panda Group,pandagroup.co
Opinov8 Digital and Engineering Solutions,opinov8.com
Newsoft,newsoft-ns.com
nearshorefriends GmbH,nearshorefriends.de
Ncoded Solutions,ncodedsolutions.com
N-iX,n-ix.com
Mobcoder,mobcoder.com
"MileStep, LLC",milestep.io
Mercatus,mercatusoutsourcing.com
Memory Squared,memory2.co
iBlue Consulting,materiais.iblueconsulting.com.br
Mainmatter,mainmatter.com
Logamic,logamic.com
Limestone Digital,limestonedigital.com
Langate Software,langate.com
Krusche & Company,kruschecompany.com
KnubiSoft,knubisoft.com
Kanso Code,kansocode.com
Journi,journi.uk
Jelvix,jelvix.com
InTech Partner,itp.biz
IT Teams,it-teams.com
Intermedia,intermediait.com
InAppo,inappo.com
Hiretop,hiretop.com
hireplace.it,hireplace.it
Happy Team,happyteam.io
GLOBALDEV,globaldev.tech
GDC Services,gdc-services.tech
What the Flutter,flutter.wtf
First Line Software,firstlinesoftware.com
EVOCODE,evocode.net
Britenet,en.britenet.eu
Emerline,emerline.com
EchoGlobal,echoglobal.tech
DTEAM,dteam.dev
Dreamix,dreamix.eu
Dinarys GmbH,dinarys.com
Digiteum,digiteum.com
DigitalSuits,digitalsuits.co
Digis,digiscorp.com
Devtorium,devtorium.com
Commoditech,commoditech.pl
Codup,codup.co
Coderland by Dominion,coderland.com
CodeMonk.AI,codemonk.ai
Cobit Solutions,cobit-solutions.com
Clockwise Software,clockwise.software
Chulakov Global,chulakov.com
Busy Rebel,busyrebel.io
Lionwood.software,business.lionwood.software
Brights,brights.io
Beetroot AB,beetroot.se
Bakson Ltd,baksonltd.com
AtraX,atrax.al
Artelogic,artelogic.net
AROBS,arobs.com
Appstronauts,appstronauts.co
AnyforSoft,anyforsoft.com
AMgrade,amgrade.com
Alcor,alcor-bpo.com
Advascale,advascale.com
Adroit Group,adroitgroup.io
Accedia,accedia.com
Fively,5ly.co
ZOONDIA,zoondia.com
TrianglZ,trianglz.com
Panaxeo,panaxeo.com
Lateral Inc.,lateralgroup.com
Interfell,interfell.com
Exoft,exoft.net
Arcanys,arcanys.com
Pixelmatters,pixelmatters.com
New Line Technologies,newline.tech
Kultprosvet,kultprosvet.net
Innowise,innowise.com
IN Team,in-team.com.pl
ImproveIT Solutions,improveit.solutions
GT,gt-hq.com
Fulcrum,fulcrum.rocks
Academy Smart,academysmart.com